nb,tps
1,0.009288077354430
2,0.019788970947268
4,0.047090344429012
6,0.081074676513674
8,0.121371469497722
10,0.168710794448922
12,0.217578358650222