nb,tps
1,0.009919013977050
2,0.020217499732964
4,0.046579194068914
6,0.077232804298398
8,0.113603482246388
10,0.16109169006346
12,0.19630846977234