nb,tps
1,0.67994977951044
2,0.67550073623652
4,0.69017797946934
6,0.69150713920592
8,0.68940574645992
10,0.69004805564884
12,0.68006328105926