nb,tps
1,0.67822311878206
2,0.69533757209776
4,0.69052256584166
6,0.68396541118622
8,0.68878772258756
10,0.68412423133848
12,0.6892084312439