nb,tps
1,0.018407192230222
2,0.037757925987244
4,0.072963900566098
6,0.10854907989496
8,0.14305754184726
10,0.17906190872194
12,0.21880250930782