nb,tps
1,0.6783968257904
2,0.67893693923954
4,0.6795838260651
6,0.68012534618382
8,0.67941279888152
10,0.71711189746858
12,0.67638252735134